timestamp,id,username,email,status,error
2026-03-17 12:00:37,IG_1773663933_0,Speed_53_Lab,business@speed53lab.com,SENT,
2026-03-17 12:02:40,IG_1773663933_1,Coach_66_Performance,business@coach66performance.com,SENT,
2026-03-17 12:05:41,IG_1773663934_2,Pro_79_Performance,pro79performance@gmail.com,SENT,
2026-03-17 12:07:44,IG_1773663934_3,Speed_90_Lab,business@speed90lab.com,SENT,
2026-03-17 12:09:47,IG_1773663934_4,Pro_22_Strength,business@pro22strength.com,SENT,
2026-03-17 12:11:54,IG_1773663934_5,Coach_92_Lab,business@coach92lab.com,SENT,
2026-03-17 12:13:58,IG_1773663934_6,Athlete_52_Performance,business@athlete52performance.com,SENT,
2026-03-17 12:16:01,IG_1773663934_7,Speed_61_Strength,business@speed61strength.com,SENT,
2026-03-17 12:18:06,IG_1773663934_8,Athlete_97_Performance,business@athlete97performance.com,SENT,
2026-03-17 12:20:09,IG_1773663934_9,Athlete_29_Performance,business@athlete29performance.com,SENT,
2026-03-17 12:22:13,IG_1773663935_10,Athlete_43_Performance,business@athlete43performance.com,SENT,
2026-03-17 12:24:16,IG_1773663935_11,Athlete_99_Strength,business@athlete99strength.com,SENT,
2026-03-17 12:26:20,IG_1773663935_12,Coach_99_Performance,business@coach99performance.com,SENT,
2026-03-17 12:28:26,IG_1773663935_13,Pro_99_Performance,business@pro99performance.com,SENT,
2026-03-17 12:30:36,IG_1773663935_14,Pro_58_Performance,business@pro58performance.com,SENT,
2026-03-17 12:32:40,IG_1773663935_15,Coach_96_Performance,coach96performance@gmail.com,SENT,
2026-03-17 12:34:44,IG_1773663935_16,Pro_96_Performance,business@pro96performance.com,SENT,
2026-03-17 12:36:56,IG_1773663935_17,Athlete_90_Lab,business@athlete90lab.com,SENT,
2026-03-17 12:38:59,IG_1773663936_18,Athlete_56_Strength,business@athlete56strength.com,SENT,
2026-03-17 12:41:03,IG_1773663936_19,Coach_58_Lab,business@coach58lab.com,SENT,
2026-03-17 12:43:10,IG_1773663936_20,Coach_74_Performance,business@coach74performance.com,SENT,
2026-03-17 12:45:20,IG_1773663936_21,Speed_75_Lab,business@speed75lab.com,SENT,
2026-03-17 12:47:24,IG_1773663936_22,Speed_15_Strength,business@speed15strength.com,SENT,
2026-03-17 12:49:28,IG_1773663936_23,Pro_62_Lab,business@pro62lab.com,SENT,
2026-03-17 12:51:33,IG_1773663936_24,Speed_34_Strength,business@speed34strength.com,SENT,
2026-03-17 12:53:38,IG_1773663936_25,Pro_68_Lab,business@pro68lab.com,SENT,
2026-03-17 12:55:41,IG_1773663937_26,Pro_65_Performance,business@pro65performance.com,SENT,
